Case number,AER form,Received date,Reporter,Country,Gender,Species,Breed,Drug,Reaction,Animals affected,Animals treated,Animals died
AU-NAH-AU201200323,"<a target=""_blank""  href=""/xmlpserver/EVVET3 PW NEW/Subject Area Contents/Public Website/Report (PDF)/AER.xdo?_xpf=&_xpt=1&_params%2FOracle%20BI%20EE%3A%3ADefaultApp%3A%3AEVVET3%20PR%20NEW%2FAER%3A%3Adimension%2FAER%20Id%3A%3Aattribute%3A%3Anoaggr%3A%3Axsd%3Adouble=346336&_xt=AER&_xf=pdf""> AER </a>",2013-01-04 00:00:00,Veterinarian,Australia,MALE,Dog,Dog (other),"Onsior 20 mg/ml  - Solution for injection (cats and dogs), Onsior 40 mg  - Tablet (dogs)","Cholangiohepatitis, Diarrhoea, Elevated liver enzymes NOS, Inappetence, Jaundice, Lethargy (see also Central nervous system depression in Neurological), Pancreatitis NOS",1,1,
AU-NAH-AU201300056,"<a target=""_blank""  href=""/xmlpserver/EVVET3 PW NEW/Subject Area Contents/Public Website/Report (PDF)/AER.xdo?_xpf=&_xpt=1&_params%2FOracle%20BI%20EE%3A%3ADefaultApp%3A%3AEVVET3%20PR%20NEW%2FAER%3A%3Adimension%2FAER%20Id%3A%3Aattribute%3A%3Anoaggr%3A%3Axsd%3Adouble=354047&_xt=AER&_xf=pdf""> AER </a>",2013-02-22 00:00:00,Veterinarian,Australia,FEMALE,Dog,Spaniel - Cocker English,"Combiclav Intramammary Suspension for Lactating Cows, NOROCLAV 250 mg, comprimate, NOROCLAV INJECTION, NOROCLAV injekčná suspenzia, NOROCLAV, 200/50mg, Tableta, NOROCLAV, 40/10mg, Tableta, NOROCLAV, injekcinė suspensija, Noroclav 140/35 mg/ml szuszpenziós injekció szarvasmarhák és kutyák számáraA.U.V., Noroclav 200/50 mg tablety, Noroclav 250 mg Tablets for dogs, Noroclav 250 mg tabletta kutyák részére A.U.V., Noroclav 250 mg, tabletid koertele ja kassidele, Noroclav 40/10 mg tablety, Noroclav 400/100 Ízesített tabletta kutyák részére A.U.V., Noroclav 50 mg Tablets for Dogs and Cats, Noroclav 50 mg tabletta kutyák és macskák részére A.U.V., Noroclav 50 mg, tabletid koertele ja kassidele, Noroclav 500 mg Palatable Tablets for Dogs, Noroclav 500 mg, tabletid koertele, Noroclav Injection for Cattle and Dogs, Noroclav Injection, 140 mg + 35 mg/ml süstesuspensioon veistele, Noroclav Intramammary Suspension for Lactating Cows, Noroclav Suspension zur intramammären Anwendung bei laktierenden Kühen, Noroclav suspensija ievadīšanai tesmenī laktējošām govīm, Noroclav, Injekční suspenze, Onsior 20 mg  - Tablet (dogs), Synuclav Suspension for Injection, Нороклав 50 мг, 250 мг таблетки","Ascites, Death by euthanasia, Depression, Diarrhoea, Elevated liver enzymes NOS, Emesis, Febrile, Pale mucous membrane, Pleural effusion, Polydipsia",1,1,1
AU-NAH-AU201300099,"<a target=""_blank""  href=""/xmlpserver/EVVET3 PW NEW/Subject Area Contents/Public Website/Report (PDF)/AER.xdo?_xpf=&_xpt=1&_params%2FOracle%20BI%20EE%3A%3ADefaultApp%3A%3AEVVET3%20PR%20NEW%2FAER%3A%3Adimension%2FAER%20Id%3A%3Aattribute%3A%3Anoaggr%3A%3Axsd%3Adouble=358800&_xt=AER&_xf=pdf""> AER </a>",2013-03-26 00:00:00,Veterinarian,Australia,FEMALE,Dog,"Cattle Dog - Australian (blue heeler, red heeler, Queensland cattledog)",Onsior 40 mg  - Tablet (dogs),"Dehydration, Diarrhoea, Elevated liver enzymes NOS, Inappetence",1,1,
AU-NAH-AU201300101,"<a target=""_blank""  href=""/xmlpserver/EVVET3 PW NEW/Subject Area Contents/Public Website/Report (PDF)/AER.xdo?_xpf=&_xpt=1&_params%2FOracle%20BI%20EE%3A%3ADefaultApp%3A%3AEVVET3%20PR%20NEW%2FAER%3A%3Adimension%2FAER%20Id%3A%3Aattribute%3A%3Anoaggr%3A%3Axsd%3Adouble=358802&_xt=AER&_xf=pdf""> AER </a>",2013-03-26 00:00:00,Other health care professional,Australia,FEMALE,Dog,Ridgeback - Rhodesian,Onsior 40 mg  - Tablet (dogs),"Dehydration, Elevated liver enzymes NOS, Haemorrhagic diarrhoea, Neutrophilia",1,1,
DE-NAH-DE201300004,"<a target=""_blank""  href=""/xmlpserver/EVVET3 PW NEW/Subject Area Contents/Public Website/Report (PDF)/AER.xdo?_xpf=&_xpt=1&_params%2FOracle%20BI%20EE%3A%3ADefaultApp%3A%3AEVVET3%20PR%20NEW%2FAER%3A%3Adimension%2FAER%20Id%3A%3Aattribute%3A%3Anoaggr%3A%3Axsd%3Adouble=351205&_xt=AER&_xf=pdf""> AER </a>",2013-02-04 00:00:00,Veterinarian,Germany,MALE,Dog,Warren Hound - Ibizan,"Novaminsulfon, Onsior 10 mg  - Tablet (dogs)","Agitation, Death by euthanasia, Diarrhoea, Distension of abdomen, Gastric ulcer, Melaena, Pale mucous membrane",1,1,1
DE-NAH-DE201300006,"<a target=""_blank""  href=""/xmlpserver/EVVET3 PW NEW/Subject Area Contents/Public Website/Report (PDF)/AER.xdo?_xpf=&_xpt=1&_params%2FOracle%20BI%20EE%3A%3ADefaultApp%3A%3AEVVET3%20PR%20NEW%2FAER%3A%3Adimension%2FAER%20Id%3A%3Aattribute%3A%3Anoaggr%3A%3Axsd%3Adouble=357772&_xt=AER&_xf=pdf""> AER </a>",2013-03-18 00:00:00,Veterinarian,Germany,MALE,Dog,Setter - Gordon,Onsior 40 mg  - Tablet (dogs),"Polydipsia, Polyuria, Urine leakage",1,1,
DE-NAH-DE201300007,"<a target=""_blank""  href=""/xmlpserver/EVVET3 PW NEW/Subject Area Contents/Public Website/Report (PDF)/AER.xdo?_xpf=&_xpt=1&_params%2FOracle%20BI%20EE%3A%3ADefaultApp%3A%3AEVVET3%20PR%20NEW%2FAER%3A%3Adimension%2FAER%20Id%3A%3Aattribute%3A%3Anoaggr%3A%3Axsd%3Adouble=358252&_xt=AER&_xf=pdf""> AER </a>",2013-03-25 00:00:00,Veterinarian,Germany,MALE,Dog,Crossbred Canine/dog,"Forthyron 200 Microgram Flavoured Tablet, Forthyron 200 microgram tablet, Forthyron 400 Microgram Flavoured Tablet, Forthyron 400 microgram tablet, Forthyron 600 Microgram Flavoured Tablet, Forthyron 800 Microgram Flavoured Tablet, Onsior 40 mg  - Tablet (dogs)","Polydipsia, Polyuria",1,1,
DE-NAH-DE201300011,"<a target=""_blank""  href=""/xmlpserver/EVVET3 PW NEW/Subject Area Contents/Public Website/Report (PDF)/AER.xdo?_xpf=&_xpt=1&_params%2FOracle%20BI%20EE%3A%3ADefaultApp%3A%3AEVVET3%20PR%20NEW%2FAER%3A%3Adimension%2FAER%20Id%3A%3Aattribute%3A%3Anoaggr%3A%3Axsd%3Adouble=362247&_xt=AER&_xf=pdf""> AER </a>",2013-05-06 00:00:00,Veterinarian,Germany,MALE,Dog,Munsterlander - Large,Onsior 40 mg  - Tablet (dogs),Syncope,1,1,
DE-NAH-DE201300012,"<a target=""_blank""  href=""/xmlpserver/EVVET3 PW NEW/Subject Area Contents/Public Website/Report (PDF)/AER.xdo?_xpf=&_xpt=1&_params%2FOracle%20BI%20EE%3A%3ADefaultApp%3A%3AEVVET3%20PR%20NEW%2FAER%3A%3Adimension%2FAER%20Id%3A%3Aattribute%3A%3Anoaggr%3A%3Axsd%3Adouble=358251&_xt=AER&_xf=pdf""> AER </a>",2013-03-25 00:00:00,Veterinarian,Germany,MALE,Dog,Retriever - Labrador,"KARSIVAN 100 COMPRIMES PELLICULES POUR CHIENS, KARSIVAN 100 RO, comprimate filmate pentru câini, KARSIVAN 100 mg, compresse per cani, KARSIVAN 50, KARSIVAN 50 COMPRIMES PELLICULES POUR CHIENS, KARSIVAN 50 mg COMPRIMIDOS RECUBIERTOS CON PELICULA PARA PERROS, KARSIVAN 50 mg, compresse per cani, Karsivan 100 apvalkotās tabletes iekšķīgai lietošanai suņiem, Karsivan 100 mg, Karsivan 100 mg filmom obalené tablety pre psy, Karsivan 100 mg filmsko obložene tablete za pse, Karsivan 100 mg tabletta A.U.V., Karsivan 100 mg, Filmtabletten für Hunde, Karsivan 100, 100 mg tabletės šunims, Karsivan 100, 100 mg õhukese polümeerikattega tabletid koertele, Karsivan 50 apvalkotās tabletes iekšķīgai lietošanai suņiem, Karsivan 50 mg, Karsivan 50 mg Omhulde tablet, Karsivan 50 mg Tabletka powlekana, Karsivan 50 mg apvalkotās tabletes, Karsivan 50 mg comprimés enrobés, Karsivan 50 mg filmom obalené tablety pre psy, Karsivan 50 mg filmsko obložene tablete za pse, Karsivan 50 mg tabletta A.U.V., Karsivan 50 mg, Filmtabletten für Hunde, Karsivan 50, 50 mg tabletės šunims, Karsivan 50, comprimidos revestidos para cães., Karsivan vet. 100 mg tabletter, filmdrasjerte, Karsivan vet. 50 mg tabletter, filmdrasjerte, Karsivan, 100mg, Potahované tablety, Karsivan, 50mg, Potahované tablety, Onsior 40 mg  - Tablet (dogs), Previcox 227 mg - Chewable tablet, Previcox 57 mg - Chewable tablet, Previcox 8.2 mg/g - Oral paste, VETMEDIN 0,75 MG/ML SOLUTION INJECTABLE POUR CHIENS, VETMEDIN 2,5 mg capsule pentru câini, VETMEDIN 2,5 mg kietos kapsulės šunims, VETMEDIN 5 MG GELULES POUR CHIENS, VETMEDIN 5 mg capsule pentru câini, VETMEDIN 5 mg kietos kapsulės šunims, VETMEDIN 5 mg, 5mg, Tvrdá tobolka, VETMEDIN, 2.5mg, Tvrdá tobolka, Vetmedin 0,75 mg/ml Injektionslösung für Hunde, Vetmedin 0.75 mg/ml ενέσιμο διάλυμα για σκύλους, Vetmedin 1,25 mg - Kapseln für Hunde, Vetmedin 1,25 mg Kautabletten für Hunde, Vetmedin 1,25 mg capsule per cani, Vetmedin 1,25 mg gélules pour chiens, Vetmedin 1,25 mg kapszula kutyáknak A.U.V., Vetmedin 1,5 mg/ml Lösung zum Eingeben für Hunde, Vetmedin 1.25 mg Capsule, hard, Vetmedin 1.25 mg capsules for dogs, Vetmedin 1.25mg, Vetmedin 10 mg  Kapsułka, twarda, Vetmedin 10 mg Kapseln für Hunde, Vetmedin 10 mg Kautabletten für Hunde, Vetmedin 2,5 mg - Kapseln für Hunde, Vetmedin 2,5 mg Kapsułka, twarda, Vetmedin 2,5 mg Kautabletten für Hunde, Vetmedin 2,5 mg capsule per cani, Vetmedin 2,5 mg kapsulas suņiem, Vetmedin 2,5 mg kapsuly pre psy, Vetmedin 2,5 mg kapszula kutyáknak A.U.V., Vetmedin 2,5 mg, kõvakapslid koertele, Vetmedin 2,5mg, Vetmedin 2.5 mg Capsule, hard, Vetmedin 2.5 mg capsules for dogs, Vetmedin 2.5 mg gélules pour chiens, Vetmedin 5 mg - Kapseln für Hunde, Vetmedin 5 mg Capsule, hard, Vetmedin 5 mg Kapsułki twarde, Vetmedin 5 mg Kautabletten für Hunde, Vetmedin 5 mg capsule per cani, Vetmedin 5 mg capsules, Vetmedin 5 mg capsules for dogs, Vetmedin 5 mg gélules pour chiens, Vetmedin 5 mg kapsulas suņiem, Vetmedin 5 mg kapsuly pre psy, Vetmedin 5 mg kapszula kutyáknak A.U.V., Vetmedin 5 mg, kõvakapslid koertele., Vetmedin 5mg, Vetmedin Chew 1,25 mg Kautabletten für Hunde, Vetmedin Chew 10 mg Kautabletten für Hunde, Vetmedin Chew 2,5 mg Kautabletten für Hunde, Vetmedin Chew 5 mg Kautabletten für Hunde, Vetmedin Vet. 10 mg tyggetabletter, Vetmedin Vet. 5 mg tyggetabletter, Vetmedin vet., 5 mg, Tuggtablett","Disorientation, Hyperactivity",1,1,
DE-NAH-DE201300013,"<a target=""_blank""  href=""/xmlpserver/EVVET3 PW NEW/Subject Area Contents/Public Website/Report (PDF)/AER.xdo?_xpf=&_xpt=1&_params%2FOracle%20BI%20EE%3A%3ADefaultApp%3A%3AEVVET3%20PR%20NEW%2FAER%3A%3Adimension%2FAER%20Id%3A%3Aattribute%3A%3Anoaggr%3A%3Axsd%3Adouble=357771&_xt=AER&_xf=pdf""> AER </a>",2013-03-18 00:00:00,Veterinarian,Germany,FEMALE,Dog,Retriever - Golden,Onsior 40 mg  - Tablet (dogs),"Death by euthanasia, Diarrhoea, Emesis (multiple), Gastric perforation, Gastric ulcer",1,1,1
DE-NAH-DE201300014,"<a target=""_blank""  href=""/xmlpserver/EVVET3 PW NEW/Subject Area Contents/Public Website/Report (PDF)/AER.xdo?_xpf=&_xpt=1&_params%2FOracle%20BI%20EE%3A%3ADefaultApp%3A%3AEVVET3%20PR%20NEW%2FAER%3A%3Adimension%2FAER%20Id%3A%3Aattribute%3A%3Anoaggr%3A%3Axsd%3Adouble=358254&_xt=AER&_xf=pdf""> AER </a>",2013-03-25 00:00:00,Veterinarian,Germany,MALE,Dog,Crossbred Canine/dog,"Amoxiclav 200/50 mg Tabletten für Hunde, Amoxiclav 200/50 mg tabletta kutyák és macskák részére A.U.V., Amoxiclav 40/10 mg, Amoxiclav 40/10 mg tabletta kutyák és macskák részére A.U.V., Amoxiclav 400/100 mg, Amoxiclav 400/100 mg tabletta kutyák részére A.U.V., MARAVET AMOXICILLIN, Onsior 20 mg/ml  - Solution for injection (cats and dogs)","Anorexia, Diarrhoea, Emesis (multiple)",1,1,
DE-NAH-DE201300023,"<a target=""_blank""  href=""/xmlpserver/EVVET3 PW NEW/Subject Area Contents/Public Website/Report (PDF)/AER.xdo?_xpf=&_xpt=1&_params%2FOracle%20BI%20EE%3A%3ADefaultApp%3A%3AEVVET3%20PR%20NEW%2FAER%3A%3Adimension%2FAER%20Id%3A%3Aattribute%3A%3Anoaggr%3A%3Axsd%3Adouble=362295&_xt=AER&_xf=pdf""> AER </a>",2013-05-06 00:00:00,Veterinarian,Germany,FEMALE,Dog,Dog (other),Onsior 40 mg  - Tablet (dogs),"Other abnormal test result NOS, Polydipsia, Polyuria",1,1,
DE-NAH-DE201300046,"<a target=""_blank""  href=""/xmlpserver/EVVET3 PW NEW/Subject Area Contents/Public Website/Report (PDF)/AER.xdo?_xpf=&_xpt=1&_params%2FOracle%20BI%20EE%3A%3ADefaultApp%3A%3AEVVET3%20PR%20NEW%2FAER%3A%3Adimension%2FAER%20Id%3A%3Aattribute%3A%3Anoaggr%3A%3Axsd%3Adouble=367402&_xt=AER&_xf=pdf""> AER </a>",2013-07-09 00:00:00,Veterinarian,Germany,MALE,Dog,Terrier - Jack Russell,"Onsior 20 mg  - Tablet (dogs), Onsior 20 mg/ml  - Solution for injection (cats and dogs)","Allergic reaction, Angioedema, Diarrhoea, Lameness",1,1,
DE-NAH-DE201300097,"<a target=""_blank""  href=""/xmlpserver/EVVET3 PW NEW/Subject Area Contents/Public Website/Report (PDF)/AER.xdo?_xpf=&_xpt=1&_params%2FOracle%20BI%20EE%3A%3ADefaultApp%3A%3AEVVET3%20PR%20NEW%2FAER%3A%3Adimension%2FAER%20Id%3A%3Aattribute%3A%3Anoaggr%3A%3Axsd%3Adouble=381305&_xt=AER&_xf=pdf""> AER </a>",2013-12-05 00:00:00,Veterinarian,Germany,MALE,Dog,Bulldog,"Onsior 10 mg  - Tablet (dogs), Onsior 20 mg  - Tablet (dogs), Onsior 20 mg/ml  - Solution for injection (cats and dogs), Onsior 40 mg  - Tablet (dogs), Onsior 5 mg  - Tablet (dogs), Onsior 6 mg  - Tablet (cats)","Dyspnoea, Hypersalivation, Sudden death",1,1,1
DK-NAH-DK201300007,"<a target=""_blank""  href=""/xmlpserver/EVVET3 PW NEW/Subject Area Contents/Public Website/Report (PDF)/AER.xdo?_xpf=&_xpt=1&_params%2FOracle%20BI%20EE%3A%3ADefaultApp%3A%3AEVVET3%20PR%20NEW%2FAER%3A%3Adimension%2FAER%20Id%3A%3Aattribute%3A%3Anoaggr%3A%3Axsd%3Adouble=361829&_xt=AER&_xf=pdf""> AER </a>",2013-05-01 00:00:00,Veterinarian,Denmark,MALE,Dog,Bulldog - French,Onsior 10 mg  - Tablet (dogs),"Anorexia, Dehydration, Depression, Gastric ulcer, Haematemesis, Tarry or black stool (see also haemorrhagic diarrhoea)",1,1,
ES-OPAH-ES20130007,"<a target=""_blank""  href=""/xmlpserver/EVVET3 PW NEW/Subject Area Contents/Public Website/Report (PDF)/AER.xdo?_xpf=&_xpt=1&_params%2FOracle%20BI%20EE%3A%3ADefaultApp%3A%3AEVVET3%20PR%20NEW%2FAER%3A%3Adimension%2FAER%20Id%3A%3Aattribute%3A%3Anoaggr%3A%3Axsd%3Adouble=367680&_xt=AER&_xf=pdf""> AER </a>",2013-07-12 00:00:00,Veterinarian,Spain,MALE,Dog,Terrier - Yorkshire,"Dexdomitor 0.5 mg/ml - Solution for injection, Onsior 10 mg  - Tablet (dogs), SYNULOX (200+50)MG/TAB ΔΙΣΚΙΟ, SYNULOX (40+10)MG/TAB ΔΙΣΚΙΟ, SYNULOX 140 mg/ml + 35 mg/ml suspensión inyectable, SYNULOX 200 mg/50 mg tablety pre psy a mačky, SYNULOX 200/50 mg COMPRIMIDOS APETITOSOS PARA PERROS, SYNULOX 250 COMPRIMES POUR CHIENS, SYNULOX 250 mg, SYNULOX 250 mg kramtomosios tabletės šunims ir katėms, SYNULOX 250 mg tablete za pse in mačke, SYNULOX 250mg, δισκία για σκύλους και γάτες, SYNULOX 40 mg/10 mg tablety pre psy a mačky, SYNULOX 40 mg/ml + 10 mg/ml POLVO PARA GOTAS ORALES EN SUSPENSION, SYNULOX 40/10 MG COMPRIMIDOS APETITOSOS PARA PERROS Y GATOS, SYNULOX 400 mg/100 mg tablety pre psy, SYNULOX 400/100 mg COMPRIMIDOS APETITOSOS PARA PERROS, SYNULOX 50 COMPRIMES POUR CHIENS ET CHATS, SYNULOX 50 mg, SYNULOX 50 mg kramtomosios tabletės šunims ir katėms, SYNULOX 50 mg tablete za pse in mačke, SYNULOX 500 COMPRIMES POUR CHIENS, SYNULOX 500 mg kramtomosios tabletės šunims, SYNULOX 500 mg tablete za pse, SYNULOX 500 mg, kramtomosios tabletės šunims, SYNULOX 500MG/TAB ΔΙΣΚΙΟ, SYNULOX 50mg, δισκία για σκύλους και γάτες, SYNULOX OGIVETTES POUR VEAUX, SYNULOX SUSPENSION INJECTABLE POUR BOVINS, SYNULOX VET 140 mg/ml injektioneste, suspensio koiralle, kissalle ja sialle, SYNULOX suspensão injetável para suínos, bovinos, cães e gatos, SYNULOX vet 200 mg/50 mg tabletti, koiralle ja kissalle, SYNULOX vet 40 mg/10 mg tabletti, koiralle ja kissalle, SYNULOX vet 400 mg/100 mg tabletti, koiralle, SYNULOX, 400/100mg, Tableta, Synulox 250 mg Comprimés Appétents, Synulox 250 mg Smakelijke tabletten, Synulox 250 mg tabletes suņiem un kaķiem, Synulox 250 mg, tabletid koertele ja kassidele, Synulox 250 mg, таблетки за кучета и котки, Synulox 250mg (200 mg/50 mg)  Tabletten für Hunde, Synulox 50 mg Comprimés Appétents, Synulox 50 mg Smakelijke Tabletten, Synulox 50 mg tabletes suņiem un kaķiem, Synulox 50 mg, tabletid koertele ja kassidele, Synulox 50 mg, таблетки за кучета и котки, Synulox 500 mg Bolus 400 mg - 100 mg Omhulde tablet, Synulox 500 mg Comprimés Appétents, Synulox 500 mg Smakelijke Tabletten, Synulox 500 mg tabletes suņiem, Synulox 500 mg, tabletid koertele, Synulox 500mg (400 mg/100 mg) Tabletten für Hunde, Synulox 50mg (40 mg/10 mg) Tabletten für Hunde und Katzen, Synulox Bolus 500 mg, 400 mg + 100 mg comprimés enrobés pour veaux, Synulox Lactating Cow Intramammary suspension., Synulox Tabletki 250 mg, Synulox Tabletki 250 mg (200+50) mg/tablete; tabletes suņiem, Synulox Tabletki 50 mg, Synulox Tabletki 50 mg (40+10) mg/ tablete; tabletes suņiem un kaķiem, Synulox Tabletki 500 mg, Synulox Vet. til hund og kat 200 + 50 mg tabletter, Synulox Vet. til hund og kat 40 + 10 mg tabletter, Synulox Vet. til hund tabletter 400 + 100 mg, Synulox Vet. til kalve 400 + 100 mg tabletter, Synulox comprimidos palatáveis 250 mg para cães e gatos, Synulox comprimidos palatáveis 50 mg para cães e gatos, Synulox comprimidos palatáveis 500 mg para cães, Synulox vet 40 mg/ml jauhe oraalisuspensiota varten koiralle ja kissalle, Synulox vet. 200 mg tabletter for hund og katt, Synulox vet. 200 mg/50 mg Tablett, Synulox vet. 40 mg tabletter for hund og katt, Synulox vet. 40 mg/10 mg Tablett, Synulox vet. 400 mg tabletter for hund, Synulox vet. 400 mg/100 mg Tablett, Synulox, 200/50mg, Tableta, Synulox, 40/10mg, Tableta, Synulox-Kalb 400 mg/100 mg Filmtabletten für Rinder (Kälber)","Cardiac arrest, Cardiorespiratory arrest, Death, Decreased heart rate, Low blood pressure",1,1,1
FR-ANMV-13 CPVL 00068,"<a target=""_blank""  href=""/xmlpserver/EVVET3 PW NEW/Subject Area Contents/Public Website/Report (PDF)/AER.xdo?_xpf=&_xpt=1&_params%2FOracle%20BI%20EE%3A%3ADefaultApp%3A%3AEVVET3%20PR%20NEW%2FAER%3A%3Adimension%2FAER%20Id%3A%3Aattribute%3A%3Anoaggr%3A%3Axsd%3Adouble=354533&_xt=AER&_xf=pdf""> AER </a>",2013-02-26 00:00:00,Veterinarian,France,MALE,Dog,Spaniel - King Charles Cavalier,"Cortavance 0.584 mg/ml - Cutaneous spray, solution, Onsior 20 mg  - Tablet (dogs)","Blotchy rash, Crust, Dermal thickening, Elevated alanine aminotransferase (ALT), Elevated serum alkaline phosphatase (ALP), Polydipsia",1,1,
FR-ANMV-13 CPVL 00102,"<a target=""_blank""  href=""/xmlpserver/EVVET3 PW NEW/Subject Area Contents/Public Website/Report (PDF)/AER.xdo?_xpf=&_xpt=1&_params%2FOracle%20BI%20EE%3A%3ADefaultApp%3A%3AEVVET3%20PR%20NEW%2FAER%3A%3Adimension%2FAER%20Id%3A%3Aattribute%3A%3Anoaggr%3A%3Axsd%3Adouble=360749&_xt=AER&_xf=pdf""> AER </a>",2013-04-23 00:00:00,Veterinarian,France,MALE,Dog,Griffon - French Wire-haired Pointing,"ANTIROBE Capsule da 150 mg per cani, Onsior 20 mg  - Tablet (dogs), RILEXINE COMPRIMES 300 MG","Anorexia, Cachexia, Elevated alanine aminotransferase (ALT), Elevated serum alkaline phosphatase (ALP), Lameness",1,1,
FR-ANMV-13 CPVL 01091,"<a target=""_blank""  href=""/xmlpserver/EVVET3 PW NEW/Subject Area Contents/Public Website/Report (PDF)/AER.xdo?_xpf=&_xpt=1&_params%2FOracle%20BI%20EE%3A%3ADefaultApp%3A%3AEVVET3%20PR%20NEW%2FAER%3A%3Adimension%2FAER%20Id%3A%3Aattribute%3A%3Anoaggr%3A%3Axsd%3Adouble=373063&_xt=AER&_xf=pdf""> AER </a>",2013-09-12 00:00:00,Veterinarian,France,FEMALE,Dog,Sheepdog - Long-haired Pyrenean,"Onsior 10 mg  - Tablet (dogs), Synuclav 250 mg Tablets for Dogs","Crust, Generalised skin slough, Pinnae disorder",1,1,
FR-ANMV-13 CPVL 01301,"<a target=""_blank""  href=""/xmlpserver/EVVET3 PW NEW/Subject Area Contents/Public Website/Report (PDF)/AER.xdo?_xpf=&_xpt=1&_params%2FOracle%20BI%20EE%3A%3ADefaultApp%3A%3AEVVET3%20PR%20NEW%2FAER%3A%3Adimension%2FAER%20Id%3A%3Aattribute%3A%3Anoaggr%3A%3Axsd%3Adouble=372713&_xt=AER&_xf=pdf""> AER </a>",2013-09-09 00:00:00,Veterinarian,France,UNKNOWN,Dog,Terrier - Yorkshire,"DUPHAMOX  LA, 150.0mg/ml, Injekční suspenze, DUPHAMOX LA, Duphamox LA 150 mg/ml Injektionssuspension für Rinder, Schweine, Schafe, Hunde, Katzen, Duphamox LA 150 mg/ml Suspensie voor injectie, Duphamox LA 150 mg/ml injekčná suspenzia, Duphamox Long Acting, 150mg/ml, solution injectable pour bovins, ovins et porcins, Onsior 20 mg/ml  - Solution for injection (cats and dogs)","Bursitis, Cutaneous oedema, Dermatitis",1,1,
FR-ANMV-13 CPVL 01377,"<a target=""_blank""  href=""/xmlpserver/EVVET3 PW NEW/Subject Area Contents/Public Website/Report (PDF)/AER.xdo?_xpf=&_xpt=1&_params%2FOracle%20BI%20EE%3A%3ADefaultApp%3A%3AEVVET3%20PR%20NEW%2FAER%3A%3Adimension%2FAER%20Id%3A%3Aattribute%3A%3Anoaggr%3A%3Axsd%3Adouble=368487&_xt=AER&_xf=pdf""> AER </a>",2013-07-22 00:00:00,Veterinarian,France,MALE,Dog,Whippet,"BUCCOVAL PETIT CHIEN, Onsior 10 mg  - Tablet (dogs), Vetmedin 1,25 mg Kautabletten für Hunde","Agitation, Anorexia, Convulsion, Dehydration, Diarrhoea, Elevated temperature, Falling, Tachycardia, Vocalisation, Vomiting",1,1,
FR-ANMV-13 CPVL 02098,"<a target=""_blank""  href=""/xmlpserver/EVVET3 PW NEW/Subject Area Contents/Public Website/Report (PDF)/AER.xdo?_xpf=&_xpt=1&_params%2FOracle%20BI%20EE%3A%3ADefaultApp%3A%3AEVVET3%20PR%20NEW%2FAER%3A%3Adimension%2FAER%20Id%3A%3Aattribute%3A%3Anoaggr%3A%3Axsd%3Adouble=381851&_xt=AER&_xf=pdf""> AER </a>",2013-12-13 00:00:00,Veterinarian,France,FEMALE,Dog,Chinese Crested Dog – Powder Puff with veil coat,Onsior 20 mg  - Tablet (dogs),Vomiting,1,1,
FR-NAH-FR201200313,"<a target=""_blank""  href=""/xmlpserver/EVVET3 PW NEW/Subject Area Contents/Public Website/Report (PDF)/AER.xdo?_xpf=&_xpt=1&_params%2FOracle%20BI%20EE%3A%3ADefaultApp%3A%3AEVVET3%20PR%20NEW%2FAER%3A%3Adimension%2FAER%20Id%3A%3Aattribute%3A%3Anoaggr%3A%3Axsd%3Adouble=348314&_xt=AER&_xf=pdf""> AER </a>",2013-01-17 00:00:00,Veterinarian,France,MALE,Dog,Pinscher - Miniature,"CALMIVET SOLUTION INJECTABLE, IMALGENE 1000, IMALGENE 1000 100MG/ML ΕΝΕΣΙΜΟ ΔΙΑΛΥΜΑ, Imalgene 1000 100 mg/ ml solução injetável para cães e gatos, IsoFlo 100% w/w Inhalation Vapour, Liquid, Onsior 20 mg/ml  - Solution for injection (cats and dogs), RILEXINE SUSPENSION INJECTABLE","Bradycardia, Cardiac arrest, Cyanosis, Death, Respiratory arrest",1,1,1
FR-NAH-FR201200314,"<a target=""_blank""  href=""/xmlpserver/EVVET3 PW NEW/Subject Area Contents/Public Website/Report (PDF)/AER.xdo?_xpf=&_xpt=1&_params%2FOracle%20BI%20EE%3A%3ADefaultApp%3A%3AEVVET3%20PR%20NEW%2FAER%3A%3Adimension%2FAER%20Id%3A%3Aattribute%3A%3Anoaggr%3A%3Axsd%3Adouble=348315&_xt=AER&_xf=pdf""> AER </a>",2013-01-17 00:00:00,Veterinarian,France,UNKNOWN,Dog,"Hound - Swiss - (Lucerne Hound (Luzerner Laufhund), Schwyz Hound (Schweizer Laufhund), Bernese Hound, Jura Hound)","CALMIVET SOLUTION INJECTABLE, IMALGENE 1000, IMALGENE 1000 100MG/ML ΕΝΕΣΙΜΟ ΔΙΑΛΥΜΑ, Imalgene 1000 100 mg/ ml solução injetável para cães e gatos, IsoFlo 100% w/w Inhalation Vapour, Liquid, Onsior 20 mg/ml  - Solution for injection (cats and dogs)","Bradycardia, Cardiac arrest, Cyanosis, Respiratory arrest",2,2,
FR-NAH-FR201300097,"<a target=""_blank""  href=""/xmlpserver/EVVET3 PW NEW/Subject Area Contents/Public Website/Report (PDF)/AER.xdo?_xpf=&_xpt=1&_params%2FOracle%20BI%20EE%3A%3ADefaultApp%3A%3AEVVET3%20PR%20NEW%2FAER%3A%3Adimension%2FAER%20Id%3A%3Aattribute%3A%3Anoaggr%3A%3Axsd%3Adouble=360605&_xt=AER&_xf=pdf""> AER </a>",2013-04-22 00:00:00,Veterinarian,France,FEMALE,Dog,Retriever - Labrador,"ANTIROBE Capsule da 300 mg per cani, DERMIPRED 20 MG TABLETS FOR DOGS, Onsior 20 mg  - Tablet (dogs)","Crystalluria, Death by euthanasia, Disorientation, Faecal incontinence, Hyperthermia, Systemic disorder NOS, Vomiting",1,1,1
FR-NAH-FR201300263,"<a target=""_blank""  href=""/xmlpserver/EVVET3 PW NEW/Subject Area Contents/Public Website/Report (PDF)/AER.xdo?_xpf=&_xpt=1&_params%2FOracle%20BI%20EE%3A%3ADefaultApp%3A%3AEVVET3%20PR%20NEW%2FAER%3A%3Adimension%2FAER%20Id%3A%3Aattribute%3A%3Anoaggr%3A%3Axsd%3Adouble=377325&_xt=AER&_xf=pdf""> AER </a>",2013-10-30 00:00:00,Veterinarian,France,FEMALE,Dog,Retriever - Labrador,Onsior 20 mg/ml  - Solution for injection (cats and dogs),"Anorexia, Polydipsia, Polyuria, Vomiting",1,1,
GB-NAH-UK201201110,"<a target=""_blank""  href=""/xmlpserver/EVVET3 PW NEW/Subject Area Contents/Public Website/Report (PDF)/AER.xdo?_xpf=&_xpt=1&_params%2FOracle%20BI%20EE%3A%3ADefaultApp%3A%3AEVVET3%20PR%20NEW%2FAER%3A%3Adimension%2FAER%20Id%3A%3Aattribute%3A%3Anoaggr%3A%3Axsd%3Adouble=353105&_xt=AER&_xf=pdf""> AER </a>",2013-02-15 00:00:00,Other health care professional,United Kingdom,FEMALE,Dog,Retriever - Flat-coated,Onsior 40 mg  - Tablet (dogs),"Anorexia, Elevated bile acids, Elevated liver enzymes NOS, Elevated total bilirubin, Emesis, Haematuria, Lethargy (see also Central nervous system depression in Neurological), Other abnormal test result NOS",1,1,
GB-NAH-UK201201143,"<a target=""_blank""  href=""/xmlpserver/EVVET3 PW NEW/Subject Area Contents/Public Website/Report (PDF)/AER.xdo?_xpf=&_xpt=1&_params%2FOracle%20BI%20EE%3A%3ADefaultApp%3A%3AEVVET3%20PR%20NEW%2FAER%3A%3Adimension%2FAER%20Id%3A%3Aattribute%3A%3Anoaggr%3A%3Axsd%3Adouble=351909&_xt=AER&_xf=pdf""> AER </a>",2013-02-07 00:00:00,Other health care professional,United Kingdom,MALE,Dog,Setter - Irish Red and White,Onsior 40 mg  - Tablet (dogs),"Death by euthanasia, Elevated alanine aminotransferase (ALT), Elevated liver enzymes NOS, Splenic neoplasm NOS",1,1,1
GB-NAH-UK201201248,"<a target=""_blank""  href=""/xmlpserver/EVVET3 PW NEW/Subject Area Contents/Public Website/Report (PDF)/AER.xdo?_xpf=&_xpt=1&_params%2FOracle%20BI%20EE%3A%3ADefaultApp%3A%3AEVVET3%20PR%20NEW%2FAER%3A%3Adimension%2FAER%20Id%3A%3Aattribute%3A%3Anoaggr%3A%3Axsd%3Adouble=352637&_xt=AER&_xf=pdf""> AER </a>",2013-02-13 00:00:00,Other health care professional,United Kingdom,UNKNOWN,Dog,Unknown,Onsior 40 mg  - Tablet (dogs),"Anaemia NOS, Gastric ulceration NOS",1,1,
GB-NAH-UK201300129,"<a target=""_blank""  href=""/xmlpserver/EVVET3 PW NEW/Subject Area Contents/Public Website/Report (PDF)/AER.xdo?_xpf=&_xpt=1&_params%2FOracle%20BI%20EE%3A%3ADefaultApp%3A%3AEVVET3%20PR%20NEW%2FAER%3A%3Adimension%2FAER%20Id%3A%3Aattribute%3A%3Anoaggr%3A%3Axsd%3Adouble=353904&_xt=AER&_xf=pdf""> AER </a>",2013-02-21 00:00:00,Other health care professional,United Kingdom,FEMALE,Dog,Retriever - Labrador,Onsior 40 mg  - Tablet (dogs),"Anorexia, Coagulopathy, Death by euthanasia, Electrolyte disorder, Elevated liver enzymes NOS, Elevated total bilirubin, Emesis (multiple), Injection site haemorrhage, Mucosa petechiae, Polydipsia, Polyuria",1,1,1
GB-NAH-UK201300196,"<a target=""_blank""  href=""/xmlpserver/EVVET3 PW NEW/Subject Area Contents/Public Website/Report (PDF)/AER.xdo?_xpf=&_xpt=1&_params%2FOracle%20BI%20EE%3A%3ADefaultApp%3A%3AEVVET3%20PR%20NEW%2FAER%3A%3Adimension%2FAER%20Id%3A%3Aattribute%3A%3Anoaggr%3A%3Axsd%3Adouble=357981&_xt=AER&_xf=pdf""> AER </a>",2013-03-20 00:00:00,Other health care professional,United Kingdom,MALE,Dog,Spaniel - Clumber,Onsior 40 mg  - Tablet (dogs),"Death by euthanasia, Emesis (multiple), Neoplasia NOS",1,1,1
GB-NAH-UK201300718,"<a target=""_blank""  href=""/xmlpserver/EVVET3 PW NEW/Subject Area Contents/Public Website/Report (PDF)/AER.xdo?_xpf=&_xpt=1&_params%2FOracle%20BI%20EE%3A%3ADefaultApp%3A%3AEVVET3%20PR%20NEW%2FAER%3A%3Adimension%2FAER%20Id%3A%3Aattribute%3A%3Anoaggr%3A%3Axsd%3Adouble=362677&_xt=AER&_xf=pdf""> AER </a>",2013-05-13 00:00:00,Other health care professional,United Kingdom,FEMALE,Dog,Crossbred Canine/dog,"OTOMAX EAR DROPS SUSPENSION, Onsior 40 mg  - Tablet (dogs)",Deafness,1,1,
GB-NAH-UK201300719,"<a target=""_blank""  href=""/xmlpserver/EVVET3 PW NEW/Subject Area Contents/Public Website/Report (PDF)/AER.xdo?_xpf=&_xpt=1&_params%2FOracle%20BI%20EE%3A%3ADefaultApp%3A%3AEVVET3%20PR%20NEW%2FAER%3A%3Adimension%2FAER%20Id%3A%3Aattribute%3A%3Anoaggr%3A%3Axsd%3Adouble=362676&_xt=AER&_xf=pdf""> AER </a>",2013-05-13 00:00:00,Other health care professional,United Kingdom,FEMALE,Dog,Retriever - Labrador,"Onsior 20 mg/ml  - Solution for injection (cats and dogs), Onsior 40 mg  - Tablet (dogs)",Haemorrhage NOS,1,1,
GB-NAH-UK201300962,"<a target=""_blank""  href=""/xmlpserver/EVVET3 PW NEW/Subject Area Contents/Public Website/Report (PDF)/AER.xdo?_xpf=&_xpt=1&_params%2FOracle%20BI%20EE%3A%3ADefaultApp%3A%3AEVVET3%20PR%20NEW%2FAER%3A%3Adimension%2FAER%20Id%3A%3Aattribute%3A%3Anoaggr%3A%3Axsd%3Adouble=364351&_xt=AER&_xf=pdf""> AER </a>",2013-06-03 00:00:00,Other health care professional,United Kingdom,FEMALE,Dog,Retriever - Labrador,"Atopica 100 mg soft capsules for dogs, Atopica 50 mg soft capsules for dogs, Onsior 40 mg  - Tablet (dogs)",Epileptic seizure,1,1,
GB-NAH-UK201301836,"<a target=""_blank""  href=""/xmlpserver/EVVET3 PW NEW/Subject Area Contents/Public Website/Report (PDF)/AER.xdo?_xpf=&_xpt=1&_params%2FOracle%20BI%20EE%3A%3ADefaultApp%3A%3AEVVET3%20PR%20NEW%2FAER%3A%3Adimension%2FAER%20Id%3A%3Aattribute%3A%3Anoaggr%3A%3Axsd%3Adouble=370509&_xt=AER&_xf=pdf""> AER </a>",2013-08-14 00:00:00,Other health care professional,United Kingdom,MALE,Dog,Collie - Border,Onsior 40 mg  - Tablet (dogs),"Ataxia, Dullness, Impaired proprioception",1,1,
GB-NAH-UK201302071,"<a target=""_blank""  href=""/xmlpserver/EVVET3 PW NEW/Subject Area Contents/Public Website/Report (PDF)/AER.xdo?_xpf=&_xpt=1&_params%2FOracle%20BI%20EE%3A%3ADefaultApp%3A%3AEVVET3%20PR%20NEW%2FAER%3A%3Adimension%2FAER%20Id%3A%3Aattribute%3A%3Anoaggr%3A%3Axsd%3Adouble=375274&_xt=AER&_xf=pdf""> AER </a>",2013-10-08 00:00:00,Other health care professional,United Kingdom,MALE,Dog,Spaniel - Springer English,Onsior 40 mg  - Tablet (dogs),"Cough, Elevated liver enzymes NOS, Hypothyroidism, Laryngeal paralysis",1,1,
GB-NAH-UK201302456,"<a target=""_blank""  href=""/xmlpserver/EVVET3 PW NEW/Subject Area Contents/Public Website/Report (PDF)/AER.xdo?_xpf=&_xpt=1&_params%2FOracle%20BI%20EE%3A%3ADefaultApp%3A%3AEVVET3%20PR%20NEW%2FAER%3A%3Adimension%2FAER%20Id%3A%3Aattribute%3A%3Anoaggr%3A%3Axsd%3Adouble=377046&_xt=AER&_xf=pdf""> AER </a>",2013-10-28 00:00:00,Other health care professional,United Kingdom,MALE,Dog,Crossbred Canine/dog,Onsior 40 mg  - Tablet (dogs),"Elevated liver enzymes NOS, Hepatitis, Polydipsia",1,1,
GB-NAH-UK201302524,"<a target=""_blank""  href=""/xmlpserver/EVVET3 PW NEW/Subject Area Contents/Public Website/Report (PDF)/AER.xdo?_xpf=&_xpt=1&_params%2FOracle%20BI%20EE%3A%3ADefaultApp%3A%3AEVVET3%20PR%20NEW%2FAER%3A%3Adimension%2FAER%20Id%3A%3Aattribute%3A%3Anoaggr%3A%3Axsd%3Adouble=376534&_xt=AER&_xf=pdf""> AER </a>",2013-10-22 00:00:00,Other health care professional,United Kingdom,FEMALE,Dog,Dog (other),Onsior 20 mg/ml  - Solution for injection (cats and dogs),"Pyometra, Pyrexia",1,1,
GB-NAH-UK201302867,"<a target=""_blank""  href=""/xmlpserver/EVVET3 PW NEW/Subject Area Contents/Public Website/Report (PDF)/AER.xdo?_xpf=&_xpt=1&_params%2FOracle%20BI%20EE%3A%3ADefaultApp%3A%3AEVVET3%20PR%20NEW%2FAER%3A%3Adimension%2FAER%20Id%3A%3Aattribute%3A%3Anoaggr%3A%3Axsd%3Adouble=378190&_xt=AER&_xf=pdf""> AER </a>",2013-11-08 00:00:00,Other health care professional,United Kingdom,FEMALE,Dog,Boxer (German Boxer),Onsior 40 mg  - Tablet (dogs),"Diarrhoea, Hypothyroidism, Other abnormal test result NOS, Polydipsia, Urinary incontinence, Vomiting",1,1,
GB-NAH-UK201303152,"<a target=""_blank""  href=""/xmlpserver/EVVET3 PW NEW/Subject Area Contents/Public Website/Report (PDF)/AER.xdo?_xpf=&_xpt=1&_params%2FOracle%20BI%20EE%3A%3ADefaultApp%3A%3AEVVET3%20PR%20NEW%2FAER%3A%3Adimension%2FAER%20Id%3A%3Aattribute%3A%3Anoaggr%3A%3Axsd%3Adouble=382512&_xt=AER&_xf=pdf""> AER </a>",2013-12-16 00:00:00,Other health care professional,United Kingdom,MALE,Dog,Spaniel - Springer English,Onsior 20 mg  - Tablet (dogs),"Drowsiness - neurological disorder, Lethargy (see also Central nervous system depression in Neurological)",1,1,
JP-NAH-JP201300004,"<a target=""_blank""  href=""/xmlpserver/EVVET3 PW NEW/Subject Area Contents/Public Website/Report (PDF)/AER.xdo?_xpf=&_xpt=1&_params%2FOracle%20BI%20EE%3A%3ADefaultApp%3A%3AEVVET3%20PR%20NEW%2FAER%3A%3Adimension%2FAER%20Id%3A%3Aattribute%3A%3Anoaggr%3A%3Axsd%3Adouble=360516&_xt=AER&_xf=pdf""> AER </a>",2013-04-16 00:00:00,Veterinarian,Japan,MALE,Dog,Chihuahua,Onsior 20 mg/ml  - Solution for injection (cats and dogs),"Death, Injection site bleeding, Injection site haematoma, Lethargy (see also Central nervous system depression in Neurological), Pale mucous membrane",1,1,1
JP-NAH-JP201300250,"<a target=""_blank""  href=""/xmlpserver/EVVET3 PW NEW/Subject Area Contents/Public Website/Report (PDF)/AER.xdo?_xpf=&_xpt=1&_params%2FOracle%20BI%20EE%3A%3ADefaultApp%3A%3AEVVET3%20PR%20NEW%2FAER%3A%3Adimension%2FAER%20Id%3A%3Aattribute%3A%3Anoaggr%3A%3Axsd%3Adouble=364040&_xt=AER&_xf=pdf""> AER </a>",2013-05-23 00:00:00,Veterinarian,Japan,MALE,Dog,Spaniel - King Charles Cavalier,"Cartrophen vet. 100 mg/ml Injektionsvätska, lösning, Onsior 20 mg  - Tablet (dogs)","Anaemia NOS, Anorexia, Emesis, Glucosuria, Heart murmur, Proteinuria, Renal insufficiency, Thrombosis",1,1,
JP-NAH-JP201300829,"<a target=""_blank""  href=""/xmlpserver/EVVET3 PW NEW/Subject Area Contents/Public Website/Report (PDF)/AER.xdo?_xpf=&_xpt=1&_params%2FOracle%20BI%20EE%3A%3ADefaultApp%3A%3AEVVET3%20PR%20NEW%2FAER%3A%3Adimension%2FAER%20Id%3A%3Aattribute%3A%3Anoaggr%3A%3Axsd%3Adouble=377793&_xt=AER&_xf=pdf""> AER </a>",2013-10-30 00:00:00,Veterinarian,Japan,FEMALE,Dog,Dog (other),"Isoflurane 100% Inhalation Vapour, Liquid, Onsior 20 mg/ml  - Solution for injection (cats and dogs)","Anorexia, Lethargy (see also Central nervous system depression in Neurological), Oliguria, Renal insufficiency",1,1,
NL-NAH-NL201300057,"<a target=""_blank""  href=""/xmlpserver/EVVET3 PW NEW/Subject Area Contents/Public Website/Report (PDF)/AER.xdo?_xpf=&_xpt=1&_params%2FOracle%20BI%20EE%3A%3ADefaultApp%3A%3AEVVET3%20PR%20NEW%2FAER%3A%3Adimension%2FAER%20Id%3A%3Aattribute%3A%3Anoaggr%3A%3Axsd%3Adouble=376416&_xt=AER&_xf=pdf""> AER </a>",2013-10-21 00:00:00,Other health care professional,Netherlands,FEMALE,Dog,Retriever - Labrador,"Onsior 20 mg  - Tablet (dogs), Onsior 40 mg  - Tablet (dogs)","Breathing difficulty, Cough, Decreased appetite, Dullness, Emesis, Haemoptysis, Lethargy (see also Central nervous system depression in Neurological)",1,1,
NO-NONOMA-2013-14531,"<a target=""_blank""  href=""/xmlpserver/EVVET3 PW NEW/Subject Area Contents/Public Website/Report (PDF)/AER.xdo?_xpf=&_xpt=1&_params%2FOracle%20BI%20EE%3A%3ADefaultApp%3A%3AEVVET3%20PR%20NEW%2FAER%3A%3Adimension%2FAER%20Id%3A%3Aattribute%3A%3Anoaggr%3A%3Axsd%3Adouble=376296&_xt=AER&_xf=pdf""> AER </a>",2013-10-18 00:00:00,Veterinarian,Norway,FEMALE,Dog,Mixed (Dog),Onsior 40 mg  - Tablet (dogs),Diarrhoea,1,1,
SE-SEMPAV-2013-047,"<a target=""_blank""  href=""/xmlpserver/EVVET3 PW NEW/Subject Area Contents/Public Website/Report (PDF)/AER.xdo?_xpf=&_xpt=1&_params%2FOracle%20BI%20EE%3A%3ADefaultApp%3A%3AEVVET3%20PR%20NEW%2FAER%3A%3Adimension%2FAER%20Id%3A%3Aattribute%3A%3Anoaggr%3A%3Axsd%3Adouble=355131&_xt=AER&_xf=pdf""> AER </a>",2013-03-01 00:00:00,Veterinarian,Sweden,FEMALE,Dog,Retriever - Golden,"Antisedan Vet 5 mg/ml injekcinis tirpalas, Cimalgex 30 mg - Chewable tablet, Cimalgex 8 mg - Chewable tablet, Cimalgex 80 mg - Chewable tablet, Dexdomitor 0.1 mg/ml - Solution for injection, Dexdomitor 0.5 mg/ml - Solution for injection, Dolorex 10 mg/ml Solution for Injection for horse, dog and cat, Onsior 10 mg  - Tablet (dogs), Onsior 20 mg  - Tablet (dogs), Onsior 20 mg/ml  - Solution for injection (cats and dogs), Onsior 40 mg  - Tablet (dogs), Onsior 5 mg  - Tablet (dogs), Onsior 6 mg  - Tablet (cats)","Anorexia, Anxiety, Dehydration, Diarrhoea, Peritonitis, Sudden death, Vomiting",1,1,1
SE-SEMPAV-2013-326,"<a target=""_blank""  href=""/xmlpserver/EVVET3 PW NEW/Subject Area Contents/Public Website/Report (PDF)/AER.xdo?_xpf=&_xpt=1&_params%2FOracle%20BI%20EE%3A%3ADefaultApp%3A%3AEVVET3%20PR%20NEW%2FAER%3A%3Adimension%2FAER%20Id%3A%3Aattribute%3A%3Anoaggr%3A%3Axsd%3Adouble=377394&_xt=AER&_xf=pdf""> AER </a>",2013-10-30 00:00:00,Veterinarian,Sweden,MALE,Dog,Unknown,"Onsior 10 mg  - Tablet (dogs), Onsior 20 mg  - Tablet (dogs), Onsior 20 mg/ml  - Solution for injection (cats and dogs), Onsior 40 mg  - Tablet (dogs), Onsior 5 mg  - Tablet (dogs), Onsior 6 mg  - Tablet (cats)","Bloody diarrhoea, Dehydration, Diarrhoea, Vomiting",1,1,
US-NAH-US201315587,"<a target=""_blank""  href=""/xmlpserver/EVVET3 PW NEW/Subject Area Contents/Public Website/Report (PDF)/AER.xdo?_xpf=&_xpt=1&_params%2FOracle%20BI%20EE%3A%3ADefaultApp%3A%3AEVVET3%20PR%20NEW%2FAER%3A%3Adimension%2FAER%20Id%3A%3Aattribute%3A%3Anoaggr%3A%3Axsd%3Adouble=373273&_xt=AER&_xf=pdf""> AER </a>",2013-09-12 00:00:00,Veterinarian,United States,MALE,Dog,Saint Bernard Dog,Onsior 40 mg  - Tablet (dogs),"Anorexia, Central nervous system disorder NOS, Death by euthanasia, Diarrhoea, Elevated alanine aminotransferase (ALT), Elevated aspartate aminotransferase (AST), Elevated total bilirubin, Emesis, Lethargy (see also Central nervous system depression in Neurological), Liver failure, Necropsy performed, Other abnormal test result NOS",1,1,1
US-NAH-US201318722,"<a target=""_blank""  href=""/xmlpserver/EVVET3 PW NEW/Subject Area Contents/Public Website/Report (PDF)/AER.xdo?_xpf=&_xpt=1&_params%2FOracle%20BI%20EE%3A%3ADefaultApp%3A%3AEVVET3%20PR%20NEW%2FAER%3A%3Adimension%2FAER%20Id%3A%3Aattribute%3A%3Anoaggr%3A%3Axsd%3Adouble=376867&_xt=AER&_xf=pdf""> AER </a>",2013-10-22 00:00:00,Veterinarian,United States,MALE,Dog,Retriever - Labrador,"Onsior 40 mg  - Tablet (dogs), RIMADYL 100 mg COMPRIMIDOS MASTICABLES PARA PERROS, RIMADYL 100 mg comprimate pentru câini, RIMADYL 100 mg, kramtomosios tabletės šunims, RIMADYL 100MG/TAB ΜΑΣΩΜΕΝΟ ΔΙΣΚΙΟ, RIMADYL 20 mg COMPRIMIDOS MASTICABLES PARA PERROS, RIMADYL 20 mg, kramtomosios tabletės šunims, RIMADYL 20MG/TAB ΜΑΣΩΜΕΝΟ ΔΙΣΚΙΟ, RIMADYL 50 mg COMPRIMIDOS MASTICABLES PARA PERROS, RIMADYL 50 mg comprimate pentru câini, RIMADYL 50 mg, kramtomosios tabletės šunims, RIMADYL 50MG/TAB ΜΑΣΩΜΕΝΟ ΔΙΣΚΙΟ, RIMADYL 50mg/ml ενέσιμο διάλυμα για σκύλους και γάτες, RIMADYL CATTLE 50 mg/ml, injekcinis tirpalas galvijams, RIMADYL Cattle 50 mg/ml Solution for Injection, RIMADYL INJECTABLE SOLUTION INJECTABLE POUR CHATS ET CHIENS, RIMADYL Injection 50mg/ml Διαυγές αποστειρωμένο ενέσιμο διάλυμα για σκύλους και γάτες, RIMADYL SMAKELIJKE TABLETTEN 100 mg voor honden, RIMADYL SMAKELIJKE TABLETTEN 50 mg voor honden, RIMADYL VET 50 mg/ml injektioneste, liuos, RIMADYL vet 100 mg purutabletti, RIMADYL vet 20 mg purutabletti, RIMADYL vet 50 mg purutabletti, Rimadyl 100 mg - Kautabletten für Hunde, Rimadyl 100 mg Comprimés Appétents 100 mg Tablet, Rimadyl 100 mg Kautablette für Hunde, Rimadyl 100 mg comprimidos mastigáveis para cães, Rimadyl 100 mg comprimés appétents, 100 mg, comprimés pour chiens, Rimadyl 100 mg okusne, žvečljive tablete za pse, Rimadyl 100 mg tabletes suņiem, Rimadyl 100 mg ízesített tabletta A.U.V., Rimadyl 20 mg - Kautabletten für Hunde, Rimadyl 20 mg Comprimés Appétents 20 mg Comprimé, Rimadyl 20 mg Comprimés Appétents 20 mg Tablet, Rimadyl 20 mg Kautablette für Hunde, Rimadyl 20 mg okusne, žvečljive tablete za pse, Rimadyl 20 mg ízesített tabletta A.U.V., Rimadyl 20 mg таблетки за кучета/Rimadyl 50 mg таблетки за кучета/Rimadyl 100 mg таблетки за кучета, Rimadyl 50 mg - Kautabletten für Hunde, Rimadyl 50 mg Comprimés Appétents 50 mg Tablet, Rimadyl 50 mg Kautablette für Hunde, Rimadyl 50 mg comprimidos mastigáveis para cães, Rimadyl 50 mg comprimés appétents, 50 mg, comprimés pour chiens, Rimadyl 50 mg košļājamās tabletes suņiem, Rimadyl 50 mg okusne, žvečljive tablete za pse, Rimadyl 50 mg ízesített tabletta A.U.V., Rimadyl 50 mg/ml - Injektionslösung für Hunde und Katzen, Rimadyl 50 mg/ml injekčný roztok, Rimadyl 50mg/ml Injektionslösung für Hunde und Katzen, Rimadyl Cattle, 50 mg/mL, otopina za injekciju, za goveda, Rimadyl Iniettabile 50 mg/ml, soluzione iniettabile per cane e gatto., Rimadyl Palatable 100 mg tablety pre psy, Rimadyl Palatable 20 mg tablety pre psy, Rimadyl Palatable 50 mg tablety pre psy, Rimadyl Palatable Tablets 100, Rimadyl Palatable Tablets 100 mg, Rimadyl Palatable Tablets 100 mg tabletes suņiem, Rimadyl Palatable Tablets 20 mg, Rimadyl Palatable Tablets 20 mg tabletes suņiem, Rimadyl Palatable Tablets 50, Rimadyl Palatable Tablets 50 mg, Rimadyl Palatable Tablets 50 mg tabletes suņiem, Rimadyl Palatable Tablets da 100 mg per cani, Rimadyl Palatable Tablets da 20 mg per cani, Rimadyl Palatable Tablets da 50 mg per cani, Rimadyl Palatable, 100mg, Žvýkací tableta, Rimadyl Palatable, 20mg, Žvýkací tableta, Rimadyl Palatable, 50mg, Žvýkací tableta, Rimadyl Solution for Injection for dogs and cats 50 mg/ml, Rimadyl Vet. 100 mg tyggetabletter, Rimadyl Vet. 20 mg tyggetabletter, Rimadyl Vet. 50 mg tyggetabletter, Rimadyl cattle 50 mg/ml oplossing voor injectie, Rimadyl injectievloeistof, 50 mg/ml voor honden en katten, Rimadyl smakelijke tabletten 100 mg voor honden, Rimadyl smakelijke tabletten 20 mg voor honden, Rimadyl smakelijke tabletten 50 mg voor honden, Rimadyl vet. 100 mg Tuggtablett, Rimadyl vet. 100 mg tyggetabletter, Rimadyl vet. 20 mg Tuggtablett, Rimadyl vet. 20 mg tyggetabletter, Rimadyl vet. 50 mg Tuggtablett, Rimadyl vet. 50 mg tyggetabletter, Rimadyl vet., 100 mg, Tuggtablett, Rimadyl Μασώμενο Δισκίο 100mg για σκύλους, Rimadyl Μασώμενο Δισκίο 20mg για σκύλους, Rimadyl Μασώμενο Δισκίο 50mg για σκύλους, Rimadyl, 100 mg närimistablett koertele, Rimadyl, 20 mg närimistablett koertele, Rimadyl, 50","Abdominal discomfort, Anorexia, Bradycardia, Death by euthanasia, Dehydration, Elevated alanine aminotransferase (ALT), Elevated aspartate aminotransferase (AST), Elevated liver enzymes NOS, Elevated total bilirubin, Enteritis, Jaundice, Lethargy (see also Central nervous system depression in Neurological), Liver failure, Other abnormal test result NOS, Vomiting",1,1,1